Name,Latitude,Longitude
McDonald's Collingwood, -37.8084113,144.9830169
McDonald's,-37.761497,144.9738514
McDonald's,-37.8073573,144.9595815
McDonald's Bourke St.,-37.8125163,144.9681917
McDonald's,-37.7755043,144.9609324
McDonald's South Melbourne,-37.8280273,144.9580272
McDonald's,-37.8457452,144.9945493
McDonald's,-37.825191,144.958913
McDonald's,-37.8214104,144.9621472
McDonald's Burwood,-37.8508833,145.0977562
McDonald's Clayton South,-37.946223,145.1398453
McDonald's Clifton Hill,-37.78718600000001,144.9935631
McDonald's Keysborough South,-38.0125987,145.1616177
McDonald's Town Hall,-37.8159745,144.966561
McDonald's Prahran,-37.8481592,145.0025271
McDonald's,-37.9123203,145.2134715
McDonald's,-37.7308616,145.0864912
McDonald's Balwyn,-37.8133929,145.0848026
McDonald's,-37.8178058,144.9645633
McDonald's St Kilda,-37.8668106,144.9776245
McDonald's Preston II,-37.7451881,144.9967807
McDonald's Swanston St,-37.8118102,144.9645289
McDonald's,-37.8080942,144.9920052
McDonald's,-37.7940494,144.9494954
McDonald's,-37.7414635,145.0277122
McDonald's Flemington,-37.7881442,144.932183
McDonald's,-37.8144259,144.9618475
McDonald's,-37.8187235,144.9542788
McDonald's Thomastown II,-37.6884047,145.0291126
McDonald's Richmond,-37.8179171,144.9996407
McDonald's,-37.8361518,144.9760835
McDonald's Altona North,-37.8314051,144.84768
McCafé,-37.8155505,144.9478762
McDonald's Williamstown North,-37.8554513,144.870702
McDonald's,-37.81053500000001,144.962358
McDonald's Elsternwick,-37.8843875,144.9980817
McDonald's,-37.8196795,145.0117875
McDonald's Glen Waverley,-37.8748605,145.1671657
McDonald's,-37.8863166,145.1451686
McDonald's,-37.9179229,145.1583523
McDonald's Dandenong,-37.9903168,145.1993469
McDonald's,-37.913707,145.1250239
McDonald's Vermont South,-37.8558927,145.1809091
McDonald's,-37.91814189999999,145.2356673
McDonald's,-37.8982873,145.242549
McDonald's Noble Park,-37.96110729999999,145.1886148
McDonalds Blackburn,-37.8316062,145.1481085
McDonald's Footscray,-37.7911044,144.8903268
McDonald's,-37.7422387,144.9040399
McDonald's Box Hill North,-37.8095502,145.1408642
McDonald's Ormond,-37.905116,145.044329
McDonald's,-37.8592972,145.2854051
McDonald's Laverton North,-37.8435819,144.7814752
McDonald's-Cranbourne North,-38.0849828,145.2940554
McDonald's,-37.9706262,145.2228134
McDonald's Avondale Heights,-37.7666026,144.8634109
McDonald's Sunshine,-37.7782872,144.8432043
McDonald's,-37.831175,145.270697
McDonald's,-37.9755049,145.2583637
McDonald's,-37.8193138,145.3145568
McDonald's Yarraville,-37.812576,144.884128
McDonald's,-37.8099974,144.9628724
McDonald's Waverley Gardens II,-37.9349858,145.1889773
McDonald's Hampton Park,-38.0411745,145.2523006
McDonald's,-37.9420546,145.1676904
McDonald's Forest Hill,-37.8354962,145.165948
McDonald's,-37.9131827,145.2172064
McDonald's,-37.961785,145.1510651
McDonald's Chirnside Park,-37.7624388,145.3099509
McDonald's Keysborough,-37.9948702,145.1746027
McDonald's Hawthorn,-37.8205613,145.0359221
McDonald's Melbourne Airport Drive,-37.6933838,144.8674793
McDonald's Keilor Park,-37.7185426,144.8528329
McDonald's Taylors Lakes,-37.702447,144.8024119
McDonald's,-37.8801014,145.2678539
McDonald's Little Boundary Rd,-37.8228611,144.8244555
McDonald's Mill Park,-37.6586658,145.0768551
McDonald's,-37.6159845,144.913753
McDonald's Deer Park,-37.76168690000001,144.755147
McDonald's,-37.9727755,145.1124267
McDonald's,-38.0287942,145.1307855
McDonald's Ringwood,-37.8167827,145.2200306
McDonald's,-38.0024358,145.2465083
McDonald's Mountain Highway,-37.8479935,145.2304269
McDonald's,-37.9080445,145.0752943
McDonald's,-37.8758141,145.091113
McDonald's Malvern East,-37.8760295,145.0478478
McDonald's Heidelberg,-37.753001,145.051569
McDonald's,-37.77381,145.115234
McDonald's Epping,-37.6594335,145.0185234
McDonald's Kew,-37.8051089,145.0348683
McDonald's,-37.7169129,145.0422751
McDonald's Chadstone,-37.8862106,145.0779249
McDonald's,-37.7886256,145.161631
McDonald's,-37.8194424,145.1215114
McDonald's,-37.7880626,145.3110683
McDonald's,-37.906366,145.3433957
McDonald's,-38.1649378,145.1376413
McDonald's (Berwick South),-38.0559176,145.3383675
McDonald's,-37.9231797,145.0820327
McDonald's Pakenham South,-38.0847041,145.4923135
McDonald's Fawkner,-37.6901471,144.9589208
McDonald's,-37.8130776,145.0116846
McDonald's,-37.7018599,145.1034407
McDonald's,-37.6735646,145.157323
McDonald's,-37.7186369,145.1381806
McDonald's Nunawading,-37.8179069,145.1766498
McDonald's,-37.6401846,144.929556
McDonald's Brandon Park,-37.905671,145.161777
McDonald's Northland Shopping Centre II,-37.7399516,145.0311429
McDonald's Campbellfield,-37.6739401,144.9553434
McDonald Reserve Playground,-37.759189,145.0011466
McDonald's Tullamarine,-37.6882337,144.881837
McDonald's Rosenthal Village,-37.5954822,144.7132257
McDonald's Cheltenham,-37.9606727,145.0546556
McDonald's,-37.7578418,145.3564223
McDonald's,-37.6031217,145.0942418
McDonald's,-37.6224451,145.0295452
McDonald's,-37.6057833,145.1361463
McDonald's Plenty Valley S/C,-37.651871,145.0717196
McDonald's,-37.6033401,144.984909
McDonald's(Lyndhurst II-Cranbourne West),-38.0785353,145.2434081
Mcdonalds Reservoir,-37.3750874,144.5915048
McDonald's,-37.677385,144.921808
McDonald's Melbourne Airport,-37.67036270000001,144.8538531
McDonald's,-37.6703555,144.8483742
McDonald's,-37.7207951,144.9214552
McDonald's Melbourne Airport T4,-37.6727751,144.8489247
McDonald's,-37.739021,144.9481755
McDonald's Craigieburn,-37.5962823,144.9214691
McDonald's,-37.573841,144.9200929
McDonald's,-37.5765624,144.7285481
McDonald's Delahey,-37.726856,144.7814638
McDonald's,-37.41278399999999,144.9798996
McDonald's Calder Northbound,-37.6648186,144.747969
McDonald's,-37.66526169999999,144.753831
McDonald's Rosenthal,-37.5951921,144.7133346
McDonald's Gisborne,-37.48580889999999,144.5875966
McDonald's Western Fairway,-37.7067116,144.6292639
McDonald's,-37.402586,145.014799
McDonald's Sydenham,-37.6937716,144.7550943
McDonald's Wallan Sth,-37.4036429,145.0173282
McDonald's Caroline Springs,-37.7295755,144.7413378
McDonald's,-37.2877587,144.9491367
McDonald's St Albans,-37.746734,144.802321
McDonald's Highpoint,-37.7758299,144.8883847
McDonald's Western Ring Road East,-37.8054536,144.8092419
McDonald's Airport West (Food Court),-37.713986,144.8878616
McDonald's Croydon,-37.788661,145.268709
McDonald's Whittlesea,-37.5164551,145.1146846
McDonald's Pacific Plaza,-37.6551178,145.0172097
McDonald's Doncaster,-37.7866596,145.1251415
McDonald's California Gully,-36.732471,144.2576175
McDonald's,-38.0221519,145.3019823
McDonald's Rosebud,-38.357864,144.898506
McDonald's Peninsula Link Inbound,-38.2042428,145.1332667
McDonald's,-38.230772,145.04447
McDonald's,-38.2051373,145.1368942
McDonald's,-37.987161,145.218552
McDonald's-Cranbourne,-38.0983059,145.2826654
McDonald's Frankston,-38.1124228,145.1589282
McDonald's Frankston 2,-38.14250850000001,145.1207697
McDonald's,-38.1502069,145.1964033
McDonald's (Amstel),-38.1108986,145.2597039
McDonald's,-38.1016463,145.1861242
McDonald's Hastings,-38.30743289999999,145.1840268
McDonald's,-38.1515428,145.1513619
McDonald's Somerville,-38.2232393,145.1697364
McDonald's Skye,-38.108327,145.232293
McDonald's,-38.2469021,144.5382875
McDonald's,-38.1865781,144.4551177
McDonald's Armstrong Creek,-38.2271248,144.3369497
McDonald's,-38.1737238,144.4013489
McDonald's Warralily,-38.2320572,144.3732445
McDonald's Torquay,-38.3254094,144.3171486
McDonald's,-38.102465,144.353685
McDonald's Belmont,-38.1704424,144.347981
McDonald's,-38.0750721,144.3554461
McDonald's Waurn Pounds,-38.1971122,144.3173452
McDonald's Geelong Bypass Northbound,-38.0654559,144.3361252
McDonald's Corio,-38.082998,144.360553
McDonald's,-38.2455327,145.5373519
McDonald's,-38.4721986,145.4735411
McDonald's Botanic Ridge,-38.1495884,145.2914221
McDonald's,-38.1184841,145.3207168
McDonald's Chadstone Food Court,-37.8849299,145.0834565
McDonald's Rockbank Outbound,-37.7389994,144.6799772
McDonald's Derrimut Village,-37.7831802,144.7723525
McDonald's Western Ring Rd West,-37.8037157,144.8044591
McDonald's Watergardens,-37.6991072,144.7763088
McDonalds Kealba,-37.7381005,144.8315589
McDonald's Laverton,-37.8697879,144.7610995
McDonald's,-38.03971749999999,145.3427079
McDonald's Hoppers Crossing,-37.8799563,144.7015746
McDonald's Truganina,-37.8227747,144.720417
McDonald's Point Cook,-37.8847522,144.7368859
McDonald's Werribee,-37.9030232,144.6617362
McDonald's Masters Braybrook,-37.778244,144.850291
McDonald's,-37.7228704,144.5724477
McDonald's Melton West,-37.687872,144.5667611
McDonald's,-37.6892352,144.6046857
McDonald's Riverdale Village,-37.8342731,144.6528654
McDonald's Manor Lakes,-37.8760293,144.615446
McDonald's Hogans Corner,-37.8612475,144.6867773
McDonald's,-37.6738527,144.4357354
McDonald's,-37.9263141,144.6312322
McDonald's Tarneit,-37.8352451,144.6902905
McCafé,-37.6892635,144.604677
McDonald's Wyndham Waters,-37.8534332,144.7321786
McDonald's Werribee Plaza,-37.8751797,144.6813643
McDonald's,-37.9516142,145.0779886
McDonald's Hallam Rd,-38.0333178,145.2674351
McDonald's,-38.0634853,145.436729
McDonald's,-38.0708685,145.4782751
McDonald's,-38.1342603,145.8570234
McDonald's,-38.1610378,145.9297367
McDonald's,-38.0730158,145.3896886
McDonald's,-38.0699518,145.3871906
McDonald's Clyde North,-38.076315,145.3362316
